instance,scale,distribution,scenario,algorithm,objective_mode,runs,successful_runs,failed_runs,skipped_runs,feasible_rate,prefix_preservation_rate,failure_recovery_rate,completion_rate_mean,completion_rate_std,completion_rate_min,completion_rate_max,final_completion_makespan_mean,final_completion_makespan_std,final_completion_makespan_min,final_completion_makespan_max,relative_makespan_increase_mean,relative_makespan_increase_std,relative_makespan_increase_min,relative_makespan_increase_max,replanning_time_ms_mean,replanning_time_ms_std,replanning_time_ms_min,replanning_time_ms_max,reassigned_tasks_mean,reassigned_tasks_std,reassigned_tasks_min,reassigned_tasks_max,changed_candidates_mean,changed_candidates_std,changed_candidates_min,changed_candidates_max,forced_candidate_changes_mean,forced_candidate_changes_std,forced_candidate_changes_min,forced_candidate_changes_max,changed_edges_mean,changed_edges_std,changed_edges_min,changed_edges_max,disruption_score_mean,disruption_score_std,disruption_score_min,disruption_score_max,accepted_candidates_mean,accepted_candidates_std,accepted_candidates_min,accepted_candidates_max,accepted_worse_candidates_mean,accepted_worse_candidates_std,accepted_worse_candidates_min,accepted_worse_candidates_max,best_updates_mean,best_updates_std,best_updates_min,best_updates_max,paired_dynamic_ails_minus_greedy_mean,paired_dynamic_ails_minus_greedy_ls_mean,paired_dynamic_ails_minus_global_replan_mean
L-C,L,clustered,new_task_arrival,dynamic_ails,minimum_makespan,3,3,0,0,1.0,1.0,,1.0,0.0,1.0,1.0,93.29782465465082,5.1222425940738185,87.3832692300126,96.2850153943313,0.14804672721461734,0.07207729803580677,0.09199358804398,0.229352477386544,1585.0971,230.6005716403149,1362.2393,1822.7299,0.0,0.0,0.0,0.0,2.0,0.0,2.0,2.0,0.0,0.0,0.0,0.0,34.666666666666664,4.163331998932266,30.0,38.0,0.0,0.0,0.0,0.0,1.6666666666666667,1.1547005383792515,1.0,3.0,0.3333333333333333,0.5773502691896258,0.0,1.0,1.0,0.0,1.0,1.0,-0.9385366220296968,-0.6452127775831636,-7.681807564597899
L-C,L,clustered,new_task_arrival,global_replan,minimum_makespan,3,3,0,0,1.0,1.0,,1.0,0.0,1.0,1.0,100.97963221924874,2.4553562566846376,98.1446308369572,102.426282851119,0.245624358807402,0.11424674356112395,0.113776011358656,0.315333815955415,1817.354,186.5144933813724,1605.6379,1957.4155,6.333333333333333,4.041451884327381,2.0,10.0,29.333333333333332,3.0550504633038935,26.0,32.0,0.0,0.0,0.0,0.0,97.33333333333333,2.309401076758503,96.0,100.0,0.0,0.0,0.0,0.0,1.6666666666666667,0.5773502691896257,1.0,2.0,0.6666666666666666,0.5773502691896257,0.0,1.0,0.6666666666666666,0.5773502691896257,0.0,1.0,,,
L-C,L,clustered,new_task_arrival,greedy,minimum_makespan,3,3,0,0,1.0,1.0,,1.0,0.0,1.0,1.0,94.23636127668054,5.436017516569897,87.9708306899506,97.6971986513303,0.15934920591081367,0.06982814857320598,0.108698410772548,0.239005469910161,18.20583333333333,1.0657785245224891,17.3374,19.3952,0.0,0.0,0.0,0.0,0.0,0.0,0.0,0.0,0.0,0.0,0.0,0.0,24.666666666666668,2.309401076758503,22.0,26.0,0.0,0.0,0.0,0.0,0.0,0.0,0.0,0.0,0.0,0.0,0.0,0.0,0.0,0.0,0.0,0.0,,,
L-C,L,clustered,new_task_arrival,greedy_ls,minimum_makespan,3,3,0,0,1.0,1.0,,1.0,0.0,1.0,1.0,93.943037432234,5.212037756195559,87.9708306899506,97.5732662124201,0.155662733691419,0.06484966880140042,0.107291986637981,0.229352477386544,45.84713333333334,4.504389681558797,42.364,50.9339,0.0,0.0,0.0,0.0,1.0,0.0,1.0,1.0,0.0,0.0,0.0,0.0,27.333333333333332,3.0550504633038935,24.0,30.0,0.0,0.0,0.0,0.0,0.0,0.0,0.0,0.0,0.0,0.0,0.0,0.0,0.0,0.0,0.0,0.0,,,
L-C,L,clustered,robot_failure,dynamic_ails,minimum_makespan,3,3,0,0,1.0,1.0,1.0,1.0,0.0,1.0,1.0,108.82019697746682,24.08520590873706,84.3905877994895,132.545552822791,0.3296474915620102,0.2236860340756519,0.0774862293423596,0.504168449026415,1206.2840333333334,142.43181617294402,1041.895,1292.8382,10.0,6.0,4.0,16.0,8.0,1.7320508075688772,6.0,9.0,0.0,0.0,0.0,0.0,43.333333333333336,9.451631252505216,36.0,54.0,0.0,0.0,0.0,0.0,1.3333333333333333,0.5773502691896257,1.0,2.0,0.0,0.0,0.0,0.0,1.3333333333333333,0.5773502691896257,1.0,2.0,-2.931325149116205,-2.143360480368377,1.71880995279876
L-C,L,clustered,robot_failure,global_replan,minimum_makespan,3,3,0,0,1.0,1.0,1.0,1.0,0.0,1.0,1.0,107.10138702466809,19.838856120513906,84.4305221554692,121.283594254074,0.3131951298508139,0.21083549805845092,0.0779961051444816,0.48522506866242,1555.9592666666667,33.19810270035514,1517.8402,1578.5283,17.333333333333332,16.653327995729065,4.0,36.0,24.0,6.0,18.0,30.0,0.0,0.0,0.0,0.0,84.66666666666667,8.082903768654761,80.0,94.0,0.0,0.0,0.0,0.0,3.3333333333333335,1.5275252316519468,2.0,5.0,1.0,1.0,0.0,2.0,2.0,0.0,2.0,2.0,,,
L-C,L,clustered,robot_failure,greedy,minimum_makespan,3,3,0,0,1.0,1.0,1.0,1.0,0.0,1.0,1.0,111.75152212658304,22.52134073325714,90.1843966801581,135.119007664526,0.3658680567438403,0.19522834371789247,0.151460702647304,0.533372820621646,12.688566666666667,5.833324875517677,6.5932,18.2187,8.666666666666666,5.131601439446884,3.0,13.0,7.0,3.605551275463989,3.0,10.0,0.0,0.0,0.0,0.0,19.333333333333332,10.263202878893768,8.0,28.0,0.0,0.0,0.0,0.0,0.0,0.0,0.0,0.0,0.0,0.0,0.0,0.0,0.0,0.0,0.0,0.0,,,
L-C,L,clustered,robot_failure,greedy_ls,minimum_makespan,3,3,0,0,1.0,1.0,1.0,1.0,0.0,1.0,1.0,110.9635574578352,23.04986145943631,88.4385503636126,134.504666579405,0.356098035893699,0.20457987482221637,0.129170001590744,0.52640108556528,30.78526666666667,6.45572570384874,25.096,37.8013,8.666666666666666,5.131601439446884,3.0,13.0,8.0,3.605551275463989,4.0,11.0,0.0,0.0,0.0,0.0,21.333333333333332,10.263202878893768,10.0,30.0,0.0,0.0,0.0,0.0,0.0,0.0,0.0,0.0,0.0,0.0,0.0,0.0,0.0,0.0,0.0,0.0,,,
L-C,L,clustered,service_location_invalidation,dynamic_ails,minimum_makespan,3,3,0,0,1.0,1.0,,1.0,0.0,1.0,1.0,80.82474139369491,5.2366781508786,77.4470426431965,86.8571102427177,-0.007043962383879273,0.006469093754940742,-0.0143183077943257,-0.00193638220201869,1178.2090666666666,91.8135249275582,1074.3101,1248.4199,0.6666666666666666,0.5773502691896257,0.0,1.0,2.3333333333333335,0.5773502691896257,2.0,3.0,1.0,0.0,1.0,1.0,24.666666666666668,7.571877794400365,16.0,30.0,0.0,0.0,0.0,0.0,1.0,0.0,1.0,1.0,0.0,0.0,0.0,0.0,1.0,0.0,1.0,1.0,-0.5976496651345352,-0.5976496651345352,-10.346484669666836
L-C,L,clustered,service_location_invalidation,global_replan,minimum_makespan,3,3,0,0,1.0,1.0,,1.0,0.0,1.0,1.0,91.17122606336174,8.033572668839824,81.9290580410619,96.4815397250737,0.12167193491487233,0.10355330159397291,0.0460577906149989,0.239698469524743,1546.2719666666665,94.38241152250427,1441.5755,1624.8314,5.333333333333333,4.163331998932266,2.0,10.0,24.0,5.196152422706632,21.0,30.0,1.0,0.0,1.0,1.0,88.66666666666667,7.023769168568493,82.0,96.0,0.0,0.0,0.0,0.0,2.3333333333333335,1.1547005383792515,1.0,3.0,0.6666666666666666,1.1547005383792517,0.0,2.0,1.6666666666666667,1.1547005383792515,1.0,3.0,,,
L-C,L,clustered,service_location_invalidation,greedy,minimum_makespan,3,3,0,0,1.0,1.0,,1.0,0.0,1.0,1.0,81.42239105882943,5.804561276900774,77.8266184050879,88.1188226681539,0.0,0.0,0.0,0.0,1.5841333333333332,0.3822329961336846,1.27,2.0097,0.3333333333333333,0.5773502691896258,0.0,1.0,0.0,0.0,0.0,0.0,1.0,0.0,1.0,1.0,4.666666666666667,1.1547005383792515,4.0,6.0,0.0,0.0,0.0,0.0,0.0,0.0,0.0,0.0,0.0,0.0,0.0,0.0,0.0,0.0,0.0,0.0,,,
L-C,L,clustered,service_location_invalidation,greedy_ls,minimum_makespan,3,3,0,0,1.0,1.0,,1.0,0.0,1.0,1.0,81.42239105882943,5.804561276900774,77.8266184050879,88.1188226681539,0.0,0.0,0.0,0.0,19.7086,1.9424781774835982,17.5975,21.4204,0.3333333333333333,0.5773502691896258,0.0,1.0,1.0,0.0,1.0,1.0,1.0,0.0,1.0,1.0,8.0,2.0,6.0,10.0,0.0,0.0,0.0,0.0,0.0,0.0,0.0,0.0,0.0,0.0,0.0,0.0,0.0,0.0,0.0,0.0,,,
L-U,L,uniform,new_task_arrival,dynamic_ails,minimum_makespan,3,3,0,0,1.0,1.0,,1.0,0.0,1.0,1.0,130.05662512147669,12.362969811961614,116.099788117155,139.632744183281,0.2017589966423279,0.1383954367993271,0.0419568742216267,0.282530792746869,1579.6574333333335,342.17988039825394,1205.088,1875.8475,0.6666666666666666,0.5773502691896257,0.0,1.0,2.0,1.7320508075688772,1.0,4.0,0.0,0.0,0.0,0.0,30.666666666666668,4.163331998932265,26.0,34.0,0.0,0.0,0.0,0.0,1.0,1.0,0.0,2.0,0.0,0.0,0.0,0.0,1.0,1.0,0.0,2.0,-1.3674826621279976,-1.3674826621279976,-18.217442058774335
L-U,L,uniform,new_task_arrival,global_replan,minimum_makespan,3,3,0,0,1.0,1.0,,1.0,0.0,1.0,1.0,148.274067180251,18.848597320616015,129.247116280439,166.939098538681,0.37197300858869803,0.21645191418795637,0.159949759303886,0.592597186983576,2012.2282666666667,108.03623626729754,1891.5277,2099.8798,8.0,4.0,4.0,12.0,23.0,1.7320508075688772,21.0,24.0,0.0,0.0,0.0,0.0,87.33333333333333,8.082903768654761,80.0,96.0,0.0,0.0,0.0,0.0,2.0,1.0,1.0,3.0,0.3333333333333333,0.5773502691896258,0.0,1.0,1.3333333333333333,0.5773502691896257,1.0,2.0,,,
L-U,L,uniform,new_task_arrival,greedy,minimum_makespan,3,3,0,0,1.0,1.0,,1.0,0.0,1.0,1.0,131.42410778360468,10.527138543532503,119.555489083518,139.632744183281,0.2141535710087761,0.12233197928625589,0.0729706377740953,0.288700752293745,18.259066666666666,0.8862394954713599,17.4385,19.1989,0.0,0.0,0.0,0.0,0.0,0.0,0.0,0.0,0.0,0.0,0.0,0.0,24.666666666666668,1.1547005383792515,24.0,26.0,0.0,0.0,0.0,0.0,0.0,0.0,0.0,0.0,0.0,0.0,0.0,0.0,0.0,0.0,0.0,0.0,,,
L-U,L,uniform,new_task_arrival,greedy_ls,minimum_makespan,3,3,0,0,1.0,1.0,,1.0,0.0,1.0,1.0,131.42410778360468,10.527138543532503,119.555489083518,139.632744183281,0.2141535710087761,0.12233197928625589,0.0729706377740953,0.288700752293745,39.95296666666667,2.4971099702122315,37.2556,42.1841,0.0,0.0,0.0,0.0,1.0,0.0,1.0,1.0,0.0,0.0,0.0,0.0,28.0,2.0,26.0,30.0,0.0,0.0,0.0,0.0,0.0,0.0,0.0,0.0,0.0,0.0,0.0,0.0,0.0,0.0,0.0,0.0,,,
L-U,L,uniform,robot_failure,dynamic_ails,minimum_makespan,3,3,0,0,1.0,1.0,1.0,1.0,0.0,1.0,1.0,137.738981791783,8.902786838210908,130.816816512174,147.782034833219,0.27056088630729463,0.07624143688645289,0.208152493160329,0.355539156997598,1174.6474,148.98396576155437,1061.4696,1343.4384,9.333333333333334,1.1547005383792515,8.0,10.0,8.333333333333334,3.214550253664318,6.0,12.0,0.0,0.0,0.0,0.0,32.0,4.0,28.0,36.0,0.0,0.0,0.0,0.0,2.6666666666666665,1.1547005383792515,2.0,4.0,0.6666666666666666,1.1547005383792517,0.0,2.0,1.3333333333333333,1.1547005383792515,0.0,2.0,-2.397499715432332,-1.3520492727313353,-11.153022562664992
L-U,L,uniform,robot_failure,global_replan,minimum_makespan,3,3,0,0,1.0,1.0,1.0,1.0,0.0,1.0,1.0,148.892004354448,3.919358341050333,145.538015755212,153.200431754623,0.3748837916280667,0.07922223846759326,0.306155148394386,0.461530455075197,1609.1251999999997,74.11039648328702,1523.5591,1652.9958,11.666666666666666,4.163331998932265,7.0,15.0,26.666666666666668,4.163331998932265,22.0,30.0,0.0,0.0,0.0,0.0,88.66666666666667,3.055050463303893,86.0,92.0,0.0,0.0,0.0,0.0,2.6666666666666665,1.5275252316519468,1.0,4.0,0.0,0.0,0.0,0.0,2.6666666666666665,1.5275252316519468,1.0,4.0,,,
L-U,L,uniform,robot_failure,greedy,minimum_makespan,3,3,0,0,1.0,1.0,1.0,1.0,0.0,1.0,1.0,140.13648150721534,7.038838120368574,135.947191658847,148.26292798728,0.29307614048738134,0.06888443266248305,0.222343512592707,0.359950176925678,13.644766666666667,3.0719605439089444,11.7726,17.1901,8.666666666666666,1.5275252316519468,7.0,10.0,6.0,1.0,5.0,7.0,0.0,0.0,0.0,0.0,21.333333333333332,3.0550504633038935,18.0,24.0,0.0,0.0,0.0,0.0,0.0,0.0,0.0,0.0,0.0,0.0,0.0,0.0,0.0,0.0,0.0,0.0,,,
L-U,L,uniform,robot_failure,greedy_ls,minimum_makespan,3,3,0,0,1.0,1.0,1.0,1.0,0.0,1.0,1.0,139.09103106451434,7.530391672918947,134.50753996436,147.782034833219,0.283390560790842,0.07205373907795067,0.211432054960955,0.355539156997598,29.7614,2.925732761207009,27.9536,33.1369,8.666666666666666,1.5275252316519468,7.0,10.0,7.0,1.0,6.0,8.0,0.0,0.0,0.0,0.0,24.0,4.0,20.0,28.0,0.0,0.0,0.0,0.0,0.0,0.0,0.0,0.0,0.0,0.0,0.0,0.0,0.0,0.0,0.0,0.0,,,
L-U,L,uniform,service_location_invalidation,dynamic_ails,minimum_makespan,3,3,0,0,1.0,1.0,,1.0,0.0,1.0,1.0,106.952169241569,1.000874166968987,106.294999013451,108.10406751996,-0.012948089940084633,0.03106998169604092,-0.0460378376773105,0.0156028327626529,1315.9878666666666,172.66367770195137,1131.7866,1474.1579,1.3333333333333333,1.1547005383792515,0.0,2.0,2.3333333333333335,1.5275252316519468,1.0,4.0,1.0,0.0,1.0,1.0,29.333333333333332,3.0550504633038935,26.0,32.0,0.0,0.0,0.0,0.0,2.6666666666666665,0.5773502691896257,2.0,3.0,0.3333333333333333,0.5773502691896258,0.0,1.0,2.3333333333333335,0.5773502691896257,2.0,3.0,-2.152078575538004,-2.015513318967668,-16.53079349406133
L-U,L,uniform,service_location_invalidation,global_replan,minimum_makespan,3,3,0,0,1.0,1.0,,1.0,0.0,1.0,1.0,123.48296273563034,14.949470774040577,111.42162521254,140.208479756476,0.14247712458571815,0.17484712337697714,-2.80774845085473e-05,0.337587374114563,1651.1303,48.28904276220439,1619.947,1706.7536,6.333333333333333,3.0550504633038935,3.0,9.0,23.333333333333332,3.0550504633038935,20.0,26.0,1.0,0.0,1.0,1.0,80.0,9.16515138991168,72.0,90.0,0.0,0.0,0.0,0.0,2.3333333333333335,0.5773502691896257,2.0,3.0,0.3333333333333333,0.5773502691896258,0.0,1.0,2.0,1.0,1.0,3.0,,,
L-U,L,uniform,service_location_invalidation,greedy,minimum_makespan,3,3,0,0,1.0,1.0,,1.0,0.0,1.0,1.0,109.10424781710701,2.279952571287373,106.867136961007,111.424753739337,0.006503775318703219,0.011264869293006222,0.0,0.0195113259561094,1.5025000000000002,0.16433222447225615,1.3139,1.6149,0.0,0.0,0.0,0.0,0.0,0.0,0.0,0.0,1.0,0.0,1.0,1.0,4.0,0.0,4.0,4.0,0.0,0.0,0.0,0.0,0.0,0.0,0.0,0.0,0.0,0.0,0.0,0.0,0.0,0.0,0.0,0.0,,,
L-U,L,uniform,service_location_invalidation,greedy_ls,minimum_makespan,3,3,0,0,1.0,1.0,,1.0,0.0,1.0,1.0,108.96768256053667,2.4840830882530898,106.457441191296,111.424753739337,0.005200944254217718,0.00900829969563829,0.0,0.0156028327626529,19.1183,0.29238599487663497,18.7816,19.3082,0.0,0.0,0.0,0.0,1.0,0.0,1.0,1.0,1.0,0.0,1.0,1.0,7.333333333333333,1.1547005383792515,6.0,8.0,0.0,0.0,0.0,0.0,0.0,0.0,0.0,0.0,0.0,0.0,0.0,0.0,0.0,0.0,0.0,0.0,,,
M-C,M,clustered,new_task_arrival,dynamic_ails,minimum_makespan,3,3,0,0,1.0,1.0,,1.0,0.0,1.0,1.0,122.94370641163732,3.7950394287568057,118.600500713563,125.620034397734,0.09299395110401891,0.05458253171430923,0.0359289962431626,0.144698523031706,1053.0154,13.221145854652775,1044.5508,1068.2505,1.0,1.0,0.0,2.0,3.6666666666666665,3.785938897200183,1.0,8.0,0.0,0.0,0.0,0.0,25.0,10.583005244258363,13.0,33.0,0.0,0.0,0.0,0.0,7.0,6.557438524302,1.0,14.0,1.3333333333333333,1.5275252316519468,0.0,3.0,3.6666666666666665,2.309401076758503,1.0,5.0,-1.3931824633606642,-1.3931824633606642,2.692184031576332
M-C,M,clustered,new_task_arrival,global_replan,minimum_makespan,3,3,0,0,1.0,1.0,,1.0,0.0,1.0,1.0,120.25152238006099,5.662597351632984,113.863747179911,124.654647244275,0.06863003981122194,0.05490460632421258,0.0362953075374838,0.132024142149167,1119.4617666666666,12.825393774201705,1105.2027,1130.0554,2.3333333333333335,2.5166114784235836,0.0,5.0,9.666666666666666,3.7859388972001824,7.0,14.0,0.0,0.0,0.0,0.0,37.666666666666664,8.082903768654761,33.0,47.0,0.0,0.0,0.0,0.0,11.333333333333334,2.8867513459481287,8.0,13.0,2.6666666666666665,0.5773502691896257,2.0,3.0,5.666666666666667,5.507570547286102,0.0,11.0,,,
M-C,M,clustered,new_task_arrival,greedy,minimum_makespan,3,3,0,0,1.0,1.0,,1.0,0.0,1.0,1.0,124.336888874998,4.060844792115875,120.146119864079,128.2539626373,0.10576571501970954,0.06665404665292152,0.0359289962431626,0.1686998997234,2.6914,0.1429090969812628,2.5734,2.8503,0.0,0.0,0.0,0.0,0.0,0.0,0.0,0.0,0.0,0.0,0.0,0.0,12.333333333333334,3.055050463303893,9.0,15.0,0.0,0.0,0.0,0.0,0.0,0.0,0.0,0.0,0.0,0.0,0.0,0.0,0.0,0.0,0.0,0.0,,,
M-C,M,clustered,new_task_arrival,greedy_ls,minimum_makespan,3,3,0,0,1.0,1.0,,1.0,0.0,1.0,1.0,124.336888874998,4.060844792115875,120.146119864079,128.2539626373,0.10576571501970954,0.06665404665292152,0.0359289962431626,0.1686998997234,9.231433333333333,0.2964648770652829,8.9149,9.5026,0.0,0.0,0.0,0.0,1.0,0.0,1.0,1.0,0.0,0.0,0.0,0.0,15.0,4.0,11.0,19.0,0.0,0.0,0.0,0.0,0.0,0.0,0.0,0.0,0.0,0.0,0.0,0.0,0.0,0.0,0.0,0.0,,,
M-C,M,clustered,robot_failure,dynamic_ails,minimum_makespan,3,3,0,0,1.0,1.0,1.0,1.0,0.0,1.0,1.0,140.44424854206935,10.626595559471157,128.863406295368,149.747162060762,0.249184107966407,0.11933794366080946,0.174253386940669,0.38680227713741,1021.8423333333334,13.986974576488409,1010.2853,1037.3913,7.0,3.4641016151377544,3.0,9.0,6.333333333333333,2.516611478423583,4.0,9.0,0.0,0.0,0.0,0.0,34.0,10.0,24.0,44.0,0.0,0.0,0.0,0.0,14.333333333333334,1.5275252316519468,13.0,16.0,3.0,2.6457513110645907,1.0,6.0,7.333333333333333,3.0550504633038935,4.0,10.0,-4.40727132984433,-4.352834222127664,-2.9464941498279984
M-C,M,clustered,robot_failure,global_replan,minimum_makespan,3,3,0,0,1.0,1.0,1.0,1.0,0.0,1.0,1.0,143.39074269189734,12.61584810808562,128.861354570929,151.567732816708,0.2736774715428227,0.10692016609270555,0.174234690831039,0.386765035371024,1062.9324666666666,5.919342670713797,1056.4166,1067.9782,6.666666666666667,3.5118845842842465,3.0,10.0,9.0,1.7320508075688772,7.0,10.0,0.0,0.0,0.0,0.0,37.333333333333336,3.0550504633038935,34.0,40.0,0.0,0.0,0.0,0.0,12.666666666666666,4.163331998932265,8.0,16.0,1.6666666666666667,1.5275252316519468,0.0,3.0,10.666666666666666,2.309401076758503,8.0,12.0,,,
M-C,M,clustered,robot_failure,greedy,minimum_makespan,3,3,0,0,1.0,1.0,1.0,1.0,0.0,1.0,1.0,144.85151987191367,13.718385291757919,129.026717618518,153.37696279475,0.28701327732684934,0.1238305260280274,0.175741543119741,0.420417711675049,2.418433333333333,1.6115678587429492,1.4704,4.2792,5.333333333333333,2.0816659994661326,3.0,7.0,3.6666666666666665,0.5773502691896257,3.0,4.0,0.0,0.0,0.0,0.0,13.333333333333334,3.055050463303893,10.0,16.0,0.0,0.0,0.0,0.0,0.0,0.0,0.0,0.0,0.0,0.0,0.0,0.0,0.0,0.0,0.0,0.0,,,
M-C,M,clustered,robot_failure,greedy_ls,minimum_makespan,3,3,0,0,1.0,1.0,1.0,1.0,0.0,1.0,1.0,144.797082764197,13.812579578188817,128.863406295368,153.37696279475,0.28651722526715867,0.1245003096306676,0.174253386940669,0.420417711675049,7.7375,0.7702112762093266,7.1115,8.5976,5.333333333333333,2.0816659994661326,3.0,7.0,4.666666666666667,0.5773502691896257,4.0,5.0,0.0,0.0,0.0,0.0,16.666666666666668,2.309401076758503,14.0,18.0,0.0,0.0,0.0,0.0,0.0,0.0,0.0,0.0,0.0,0.0,0.0,0.0,0.0,0.0,0.0,0.0,,,
M-C,M,clustered,service_location_invalidation,dynamic_ails,minimum_makespan,3,3,0,0,1.0,1.0,,1.0,0.0,1.0,1.0,113.407134901889,6.256663548833015,108.061457046918,120.288730767765,0.006722215509281925,0.010997814396573394,-1.18139534971386e-16,0.0194139601921585,1015.7615666666667,7.223167742987369,1008.6759,1023.1148,0.3333333333333333,0.5773502691896258,0.0,1.0,2.0,0.0,2.0,2.0,1.0,0.0,1.0,1.0,18.666666666666668,7.023769168568492,12.0,26.0,0.0,0.0,0.0,0.0,5.666666666666667,7.234178138070234,1.0,14.0,1.0,1.7320508075688772,0.0,3.0,2.3333333333333335,1.5275252316519468,1.0,4.0,-0.3955615058713325,-0.13263395190467028,-1.6478569602080029
M-C,M,clustered,service_location_invalidation,global_replan,minimum_makespan,3,3,0,0,1.0,1.0,,1.0,0.0,1.0,1.0,115.054991862097,4.55060702510019,111.871216890984,120.267059867583,0.021989796010475276,0.023563699255373695,-0.000180157360077679,0.046735585199345,1063.6403,7.856210369510168,1057.8476,1072.5826,1.0,1.0,0.0,2.0,6.333333333333333,5.8594652770823155,2.0,13.0,1.0,0.0,1.0,1.0,29.333333333333332,16.289055630494158,18.0,48.0,0.0,0.0,0.0,0.0,14.0,4.58257569495584,10.0,19.0,1.6666666666666667,0.5773502691896257,1.0,2.0,10.666666666666666,4.618802153517006,8.0,16.0,,,
M-C,M,clustered,service_location_invalidation,greedy,minimum_makespan,3,3,0,0,1.0,1.0,,1.0,0.0,1.0,1.0,113.80269640776032,5.769785356663025,109.240989813001,120.288730767765,0.010385140082627793,0.009803541494472167,-1.18139534971386e-16,0.0194791297286477,0.7387333333333332,0.08725516221595908,0.6623,0.8338,0.0,0.0,0.0,0.0,0.0,0.0,0.0,0.0,1.0,0.0,1.0,1.0,4.0,0.0,4.0,4.0,0.0,0.0,0.0,0.0,0.0,0.0,0.0,0.0,0.0,0.0,0.0,0.0,0.0,0.0,0.0,0.0,,,
M-C,M,clustered,service_location_invalidation,greedy_ls,minimum_makespan,3,3,0,0,1.0,1.0,,1.0,0.0,1.0,1.0,113.53976885379366,6.090649458677518,108.452207151101,120.288730767765,0.007950178875047193,0.010220803804115944,-1.18139534971386e-16,0.0194791297286477,6.1358999999999995,0.1152230879641747,6.0029,6.2055,0.0,0.0,0.0,0.0,1.0,0.0,1.0,1.0,1.0,0.0,1.0,1.0,6.0,0.0,6.0,6.0,0.0,0.0,0.0,0.0,0.0,0.0,0.0,0.0,0.0,0.0,0.0,0.0,0.0,0.0,0.0,0.0,,,
M-U,M,uniform,new_task_arrival,dynamic_ails,minimum_makespan,3,3,0,0,1.0,1.0,,1.0,0.0,1.0,1.0,153.147800458525,19.23977276799364,132.868895969216,171.144948338615,0.22093312227840603,0.16527945783851575,0.0589985170092091,0.389365771740338,1073.7962666666667,7.400602202748963,1066.7007,1081.4682,1.6666666666666667,2.8867513459481287,0.0,5.0,3.6666666666666665,3.0550504633038935,1.0,7.0,0.0,0.0,0.0,0.0,30.333333333333332,9.451631252505216,23.0,41.0,0.0,0.0,0.0,0.0,7.333333333333333,3.2145502536643185,5.0,11.0,0.6666666666666666,0.5773502691896257,0.0,1.0,5.333333333333333,4.932882862316247,2.0,11.0,-10.590571202408663,-10.489353820378332,-7.547624295158329
M-U,M,uniform,new_task_arrival,global_replan,minimum_makespan,3,3,0,0,1.0,1.0,,1.0,0.0,1.0,1.0,160.69542475368334,10.929991175828134,148.260571255411,168.78248273947,0.280470582356619,0.09458398618318324,0.18167404000102,0.37018712304384,1112.6582,17.312174928644897,1093.3832,1126.8856,3.3333333333333335,2.081665999466133,1.0,5.0,7.0,2.0,5.0,9.0,0.0,0.0,0.0,0.0,37.666666666666664,2.309401076758503,35.0,39.0,0.0,0.0,0.0,0.0,11.666666666666666,1.1547005383792515,11.0,13.0,2.0,1.0,1.0,3.0,9.333333333333334,1.1547005383792515,8.0,10.0,,,
M-U,M,uniform,new_task_arrival,greedy,minimum_makespan,3,3,0,0,1.0,1.0,,1.0,0.0,1.0,1.0,163.73837166093367,14.604071576019544,146.915027185181,173.155139459005,0.3044159444280603,0.11701185559810157,0.170949715360935,0.389365771740338,2.7799666666666667,0.1999240189005145,2.5527,2.9287,0.0,0.0,0.0,0.0,0.0,0.0,0.0,0.0,0.0,0.0,0.0,0.0,10.333333333333334,1.1547005383792515,9.0,11.0,0.0,0.0,0.0,0.0,0.0,0.0,0.0,0.0,0.0,0.0,0.0,0.0,0.0,0.0,0.0,0.0,,,
M-U,M,uniform,new_task_arrival,greedy_ls,minimum_makespan,3,3,0,0,1.0,1.0,,1.0,0.0,1.0,1.0,163.63715427890335,14.77897446128342,146.61137503909,173.155139459005,0.3036092164374063,0.11839231228863702,0.168529531388973,0.389365771740338,9.9717,0.38836396588767086,9.5941,10.37,0.0,0.0,0.0,0.0,1.0,0.0,1.0,1.0,0.0,0.0,0.0,0.0,13.0,0.0,13.0,13.0,0.0,0.0,0.0,0.0,0.0,0.0,0.0,0.0,0.0,0.0,0.0,0.0,0.0,0.0,0.0,0.0,,,
M-U,M,uniform,robot_failure,dynamic_ails,minimum_makespan,3,3,0,0,1.0,1.0,1.0,1.0,0.0,1.0,1.0,157.81759456294665,10.884948270367198,146.519528094134,168.236048034477,0.25626971097237133,0.06296193292915503,0.189455015772763,0.314497461010754,1033.1933999999999,15.049704551585089,1019.5811,1049.3549,7.666666666666667,1.5275252316519465,6.0,9.0,9.0,4.58257569495584,4.0,13.0,0.0,0.0,0.0,0.0,34.666666666666664,7.023769168568493,28.0,42.0,0.0,0.0,0.0,0.0,11.0,1.7320508075688772,9.0,12.0,2.0,1.0,1.0,3.0,8.0,3.605551275463989,4.0,11.0,-7.164246471707344,-5.715633502399015,-6.707518854091006
M-U,M,uniform,robot_failure,global_replan,minimum_makespan,3,3,0,0,1.0,1.0,1.0,1.0,0.0,1.0,1.0,164.52511341703766,16.829339400519665,145.351179398227,176.850119019963,0.309508702971015,0.11759490149481831,0.179970285412279,0.409539925871246,1074.9056,17.058738645925715,1055.7769,1088.5406,8.666666666666666,3.055050463303893,6.0,12.0,13.333333333333334,2.309401076758503,12.0,16.0,0.0,0.0,0.0,0.0,46.666666666666664,3.0550504633038935,44.0,50.0,0.0,0.0,0.0,0.0,15.0,5.291502622129181,11.0,21.0,4.0,2.6457513110645907,2.0,7.0,6.666666666666667,0.5773502691896257,6.0,7.0,,,
M-U,M,uniform,robot_failure,greedy,minimum_makespan,3,3,0,0,1.0,1.0,1.0,1.0,0.0,1.0,1.0,164.98184103465402,14.310435203078423,151.209589207629,179.775707801992,0.31299834786833397,0.08872846937916974,0.227529235559655,0.404661570561269,2.883566666666667,0.9648413461980851,1.7717,3.5006,6.666666666666667,1.1547005383792515,6.0,8.0,5.0,1.7320508075688772,4.0,7.0,0.0,0.0,0.0,0.0,17.333333333333332,2.309401076758503,16.0,20.0,0.0,0.0,0.0,0.0,0.0,0.0,0.0,0.0,0.0,0.0,0.0,0.0,0.0,0.0,0.0,0.0,,,
M-U,M,uniform,robot_failure,greedy_ls,minimum_makespan,3,3,0,0,1.0,1.0,1.0,1.0,0.0,1.0,1.0,163.5332280653457,15.18262079719461,148.567386644211,178.923719021538,0.301366895990266,0.09596961078000987,0.206079664075057,0.398004631684013,8.981933333333334,1.0196810301919585,7.9035,9.9304,6.666666666666667,1.1547005383792515,6.0,8.0,5.333333333333333,1.5275252316519465,4.0,7.0,0.0,0.0,0.0,0.0,17.333333333333332,2.309401076758503,16.0,20.0,0.0,0.0,0.0,0.0,0.0,0.0,0.0,0.0,0.0,0.0,0.0,0.0,0.0,0.0,0.0,0.0,,,
M-U,M,uniform,service_location_invalidation,dynamic_ails,minimum_makespan,3,3,0,0,1.0,1.0,,1.0,0.0,1.0,1.0,126.789271174129,1.218431090931973,125.466555273807,127.86582944778,0.010116723253104655,0.018335443933113968,-0.000931666412563138,0.0312818361718771,1020.1263666666667,9.782622436920118,1009.0198,1027.4637,1.0,1.0,0.0,2.0,5.0,1.0,4.0,6.0,1.0,0.0,1.0,1.0,19.333333333333332,7.023769168568492,12.0,26.0,0.0,0.0,0.0,0.0,9.333333333333334,2.309401076758503,8.0,12.0,2.6666666666666665,2.5166114784235836,0.0,5.0,4.666666666666667,3.0550504633038935,2.0,8.0,-1.3366137072906668,-1.204612458051334,0.0
M-U,M,uniform,service_location_invalidation,global_replan,minimum_makespan,3,3,0,0,1.0,1.0,,1.0,0.0,1.0,1.0,126.789271174129,1.218431090931973,125.466555273807,127.86582944778,0.010116723253104655,0.018335443933113968,-0.000931666412563138,0.0312818361718771,1082.3475,8.120071029861705,1074.0326,1090.2576,1.6666666666666667,1.5275252316519468,0.0,3.0,7.0,2.6457513110645907,4.0,9.0,1.0,0.0,1.0,1.0,28.666666666666668,10.066445913694333,18.0,38.0,0.0,0.0,0.0,0.0,13.0,3.605551275463989,10.0,17.0,2.3333333333333335,1.1547005383792515,1.0,3.0,8.666666666666666,2.516611478423583,6.0,11.0,,,
M-U,M,uniform,service_location_invalidation,greedy,minimum_makespan,3,3,0,0,1.0,1.0,,1.0,0.0,1.0,1.0,128.12588488141967,0.4930102604448606,127.718603413867,128.673982392666,0.020797297570009563,0.018870996275878876,-1.1103525469225e-16,0.0368278919142849,0.5143,0.019221862552832914,0.4929,0.5301,0.0,0.0,0.0,0.0,0.0,0.0,0.0,0.0,1.0,0.0,1.0,1.0,4.0,0.0,4.0,4.0,0.0,0.0,0.0,0.0,0.0,0.0,0.0,0.0,0.0,0.0,0.0,0.0,0.0,0.0,0.0,0.0,,,
M-U,M,uniform,service_location_invalidation,greedy_ls,minimum_makespan,3,3,0,0,1.0,1.0,,1.0,0.0,1.0,1.0,127.99388363218033,0.6757344847150291,127.322599666149,128.673982392666,0.019725702881994996,0.017550628100875824,-1.1103525469225e-16,0.0336131078502412,6.509733333333333,0.1851808395416044,6.3023,6.6584,0.0,0.0,0.0,0.0,1.0,0.0,1.0,1.0,1.0,0.0,1.0,1.0,6.0,0.0,6.0,6.0,0.0,0.0,0.0,0.0,0.0,0.0,0.0,0.0,0.0,0.0,0.0,0.0,0.0,0.0,0.0,0.0,,,
S-C,S,clustered,new_task_arrival,dynamic_ails,minimum_makespan,3,3,0,0,1.0,1.0,,1.0,0.0,1.0,1.0,178.40893211694666,6.956668282873732,171.860894405275,185.7125458895,0.03893603264254982,0.04106519217334422,6.22929578443593e-05,0.0818883076574274,1005.5515333333333,1.6048700954698545,1003.785,1006.9197,0.6666666666666666,1.1547005383792517,0.0,2.0,1.6666666666666667,1.1547005383792515,1.0,3.0,0.0,0.0,0.0,0.0,10.0,3.4641016151377544,8.0,14.0,0.0,0.0,0.0,0.0,28.0,27.184554438136374,5.0,58.0,12.333333333333334,11.67618659209133,2.0,25.0,1.0,1.0,0.0,2.0,-7.450603240649666,-7.450603240649666,0.0
S-C,S,clustered,new_task_arrival,global_replan,minimum_makespan,3,3,0,0,1.0,1.0,,1.0,0.0,1.0,1.0,178.40893211694666,6.956668282873732,171.860894405275,185.7125458895,0.03893603264254982,0.04106519217334422,6.22929578443593e-05,0.0818883076574274,1006.9299333333333,0.4810056271326756,1006.4804,1007.4372,0.6666666666666666,1.1547005383792517,0.0,2.0,1.6666666666666667,1.1547005383792515,1.0,3.0,0.0,0.0,0.0,0.0,10.0,3.4641016151377544,8.0,14.0,0.0,0.0,0.0,0.0,34.0,20.663978319771825,17.0,57.0,12.333333333333334,9.71253485622231,4.0,23.0,5.0,2.0,3.0,7.0,,,
S-C,S,clustered,new_task_arrival,greedy,minimum_makespan,3,3,0,0,1.0,1.0,,1.0,0.0,1.0,1.0,185.85953535759631,19.446816831383934,171.860894405275,208.064355611449,0.0823403190489697,0.11371492770627979,6.22929578443593e-05,0.212101166876687,0.19699999999999998,0.013058713566044704,0.1822,0.2069,0.0,0.0,0.0,0.0,0.0,0.0,0.0,0.0,0.0,0.0,0.0,0.0,5.333333333333333,1.1547005383792515,4.0,6.0,0.0,0.0,0.0,0.0,0.0,0.0,0.0,0.0,0.0,0.0,0.0,0.0,0.0,0.0,0.0,0.0,,,
S-C,S,clustered,new_task_arrival,greedy_ls,minimum_makespan,3,3,0,0,1.0,1.0,,1.0,0.0,1.0,1.0,185.85953535759631,19.446816831383934,171.860894405275,208.064355611449,0.0823403190489697,0.11371492770627979,6.22929578443593e-05,0.212101166876687,2.266433333333333,0.05481444456831921,2.2274,2.3291,0.0,0.0,0.0,0.0,1.0,0.0,1.0,1.0,0.0,0.0,0.0,0.0,8.0,0.0,8.0,8.0,0.0,0.0,0.0,0.0,0.0,0.0,0.0,0.0,0.0,0.0,0.0,0.0,0.0,0.0,0.0,0.0,,,
S-C,S,clustered,robot_failure,dynamic_ails,minimum_makespan,3,1,2,0,0.3333333333333333,0.3333333333333333,0.3333333333333333,1.0,0,1.0,1.0,259.592012312464,0,259.592012312464,259.592012312464,0.51228104454087,0,0.51228104454087,0.51228104454087,1003.9718,0,1003.9718,1003.9718,4.0,0,4.0,4.0,4.0,0,4.0,4.0,0.0,0,0.0,0.0,12.0,0,12.0,12.0,0.0,0,0.0,0.0,32.0,0,32.0,32.0,16.0,0,16.0,16.0,1.0,0,1.0,1.0,-2.7636577569989527,-1.20135463685898,0.0
S-C,S,clustered,robot_failure,global_replan,minimum_makespan,3,1,2,0,0.3333333333333333,0.3333333333333333,0.3333333333333333,1.0,0,1.0,1.0,259.592012312464,0,259.592012312464,259.592012312464,0.51228104454087,0,0.51228104454087,0.51228104454087,1004.9042,0,1004.9042,1004.9042,4.0,0,4.0,4.0,4.0,0,4.0,4.0,0.0,0,0.0,0.0,12.0,0,12.0,12.0,0.0,0,0.0,0.0,38.0,0,38.0,38.0,19.0,0,19.0,19.0,0.0,0,0.0,0.0,,,
S-C,S,clustered,robot_failure,greedy,minimum_makespan,3,1,2,0,0.3333333333333333,0.3333333333333333,0.3333333333333333,1.0,0,1.0,1.0,262.355670069463,0,262.355670069463,262.355670069463,0.528381028520642,0,0.528381028520642,0.528381028520642,0.2772,0,0.2772,0.2772,4.0,0,4.0,4.0,2.0,0,2.0,2.0,0.0,0,0.0,0.0,10.0,0,10.0,10.0,0.0,0,0.0,0.0,0.0,0,0.0,0.0,0.0,0,0.0,0.0,0.0,0,0.0,0.0,,,
S-C,S,clustered,robot_failure,greedy_ls,minimum_makespan,3,1,2,0,0.3333333333333333,0.3333333333333333,0.3333333333333333,1.0,0,1.0,1.0,260.793366949323,0,260.793366949323,260.793366949323,0.519279664525009,0,0.519279664525009,0.519279664525009,2.1286,0,2.1286,2.1286,4.0,0,4.0,4.0,2.0,0,2.0,2.0,0.0,0,0.0,0.0,10.0,0,10.0,10.0,0.0,0,0.0,0.0,0.0,0,0.0,0.0,0.0,0,0.0,0.0,0.0,0,0.0,0.0,,,
S-C,S,clustered,service_location_invalidation,dynamic_ails,minimum_makespan,3,3,0,0,1.0,1.0,,1.0,0.0,1.0,1.0,173.33062848237833,1.4486872199716117,171.669390730074,174.331281205303,0.009348066242014499,0.008245245889854147,0.0,0.0155855324237373,1003.1313666666666,0.9789208411987834,1002.0231,1003.8781,0.0,0.0,0.0,0.0,1.0,1.0,0.0,2.0,1.0,0.0,1.0,1.0,6.0,2.0,4.0,8.0,0.0,0.0,0.0,0.0,21.333333333333332,12.055427546683417,10.0,34.0,9.0,6.082762530298219,5.0,16.0,0.3333333333333333,0.5773502691896258,0.0,1.0,-0.30303074910600003,-0.0096858606896717,0.0
S-C,S,clustered,service_location_invalidation,global_replan,minimum_makespan,3,3,0,0,1.0,1.0,,1.0,0.0,1.0,1.0,173.33062848237833,1.4486872199716117,171.669390730074,174.331281205303,0.009348066242014499,0.008245245889854147,0.0,0.0155855324237373,1005.3633,1.1988174298032033,1004.35,1006.6867,0.0,0.0,0.0,0.0,1.0,1.0,0.0,2.0,1.0,0.0,1.0,1.0,6.0,2.0,4.0,8.0,0.0,0.0,0.0,0.0,20.333333333333332,12.583057392117917,7.0,32.0,6.666666666666667,6.027713773341708,1.0,13.0,3.6666666666666665,0.5773502691896257,3.0,4.0,,,
S-C,S,clustered,service_location_invalidation,greedy,minimum_makespan,3,3,0,0,1.0,1.0,,1.0,0.0,1.0,1.0,173.63365923148433,1.812143261083063,171.669390730074,175.240373452621,0.011113404295771,0.01050557206177382,0.0,0.0208815465850068,0.21716666666666665,0.0880857158302828,0.1589,0.3185,0.0,0.0,0.0,0.0,0.0,0.0,0.0,0.0,1.0,0.0,1.0,1.0,4.0,0.0,4.0,4.0,0.0,0.0,0.0,0.0,0.0,0.0,0.0,0.0,0.0,0.0,0.0,0.0,0.0,0.0,0.0,0.0,,,
S-C,S,clustered,service_location_invalidation,greedy_ls,minimum_makespan,3,3,0,0,1.0,1.0,,1.0,0.0,1.0,1.0,173.340314343068,1.4587846508720683,171.669390730074,174.360338787372,0.009404492259866665,0.008309602734487082,0.0,0.0157548104772938,1.982433333333333,0.12162916316958415,1.8515,2.0919,0.0,0.0,0.0,0.0,0.6666666666666666,0.5773502691896257,0.0,1.0,1.0,0.0,1.0,1.0,5.333333333333333,1.1547005383792515,4.0,6.0,0.0,0.0,0.0,0.0,0.0,0.0,0.0,0.0,0.0,0.0,0.0,0.0,0.0,0.0,0.0,0.0,,,
S-U,S,uniform,new_task_arrival,dynamic_ails,minimum_makespan,3,3,0,0,1.0,1.0,,1.0,0.0,1.0,1.0,191.341390987953,28.714093014751974,174.76330165635,224.497569651159,0.09943603618063433,0.16498943821647308,0.00417933961290847,0.289949429316086,1004.1604333333333,0.6717572056430159,1003.5231,1004.862,0.3333333333333333,0.5773502691896258,0.0,1.0,0.6666666666666666,1.1547005383792517,0.0,2.0,0.0,0.0,0.0,0.0,7.333333333333333,2.309401076758503,6.0,10.0,0.0,0.0,0.0,0.0,59.666666666666664,20.404247923737188,42.0,82.0,22.666666666666668,4.041451884327381,18.0,25.0,1.3333333333333333,2.3094010767585034,0.0,4.0,-1.0466329070956608,-1.0466329070956608,0.0
S-U,S,uniform,new_task_arrival,global_replan,minimum_makespan,3,3,0,0,1.0,1.0,,1.0,0.0,1.0,1.0,191.341390987953,28.714093014751974,174.76330165635,224.497569651159,0.09943603618063433,0.16498943821647308,0.00417933961290847,0.289949429316086,1007.6322,1.2036876629757758,1006.5917,1008.9505,0.3333333333333333,0.5773502691896258,0.0,1.0,0.6666666666666666,1.1547005383792517,0.0,2.0,0.0,0.0,0.0,0.0,7.333333333333333,2.309401076758503,6.0,10.0,0.0,0.0,0.0,0.0,65.0,11.532562594670797,53.0,76.0,23.666666666666668,3.0550504633038935,21.0,27.0,5.0,1.7320508075688772,4.0,7.0,,,
S-U,S,uniform,new_task_arrival,greedy,minimum_makespan,3,3,0,0,1.0,1.0,,1.0,0.0,1.0,1.0,192.38802389504863,30.526914386715173,174.76330165635,227.637468372446,0.10544992543257165,0.17540579995192088,0.00417933961290847,0.307991097071898,0.25233333333333335,0.033000202019583647,0.2194,0.2854,0.0,0.0,0.0,0.0,0.0,0.0,0.0,0.0,0.0,0.0,0.0,0.0,6.0,0.0,6.0,6.0,0.0,0.0,0.0,0.0,0.0,0.0,0.0,0.0,0.0,0.0,0.0,0.0,0.0,0.0,0.0,0.0,,,
S-U,S,uniform,new_task_arrival,greedy_ls,minimum_makespan,3,3,0,0,1.0,1.0,,1.0,0.0,1.0,1.0,192.38802389504863,30.526914386715173,174.76330165635,227.637468372446,0.10544992543257165,0.17540579995192088,0.00417933961290847,0.307991097071898,2.3569,0.2725574618314457,2.1261,2.6576,0.0,0.0,0.0,0.0,0.0,0.0,0.0,0.0,0.0,0.0,0.0,0.0,6.0,0.0,6.0,6.0,0.0,0.0,0.0,0.0,0.0,0.0,0.0,0.0,0.0,0.0,0.0,0.0,0.0,0.0,0.0,0.0,,,
S-U,S,uniform,robot_failure,dynamic_ails,minimum_makespan,3,0,3,0,0.0,0.0,0.0,,,,,,,,,,,,,,,,,,,,,,,,,,,,,,,,,,,,,,,,,,,,,,,,,,,
S-U,S,uniform,robot_failure,global_replan,minimum_makespan,3,0,3,0,0.0,0.0,0.0,,,,,,,,,,,,,,,,,,,,,,,,,,,,,,,,,,,,,,,,,,,,,,,,,,,
S-U,S,uniform,robot_failure,greedy,minimum_makespan,3,0,3,0,0.0,0.0,0.0,,,,,,,,,,,,,,,,,,,,,,,,,,,,,,,,,,,,,,,,,,,,,,,,,,,
S-U,S,uniform,robot_failure,greedy_ls,minimum_makespan,3,0,3,0,0.0,0.0,0.0,,,,,,,,,,,,,,,,,,,,,,,,,,,,,,,,,,,,,,,,,,,,,,,,,,,
S-U,S,uniform,service_location_invalidation,dynamic_ails,minimum_makespan,3,3,0,0,1.0,1.0,,1.0,0.0,1.0,1.0,178.005554721512,0.7391796470312771,177.578789153319,178.859085857898,0.022809129225339966,0.00424728145312265,0.0203569601350555,0.0277134674059089,1003.7932333333333,1.4715562317945383,1002.536,1005.4118,2.6666666666666665,2.309401076758503,0.0,4.0,3.0,1.7320508075688772,1.0,4.0,1.0,0.0,1.0,1.0,17.333333333333332,4.618802153517006,12.0,20.0,0.0,0.0,0.0,0.0,102.33333333333333,31.46956201368766,66.0,121.0,45.666666666666664,17.03917055884274,26.0,56.0,2.0,1.0,1.0,3.0,-0.8484083023833288,-0.8484083023833288,0.0
S-U,S,uniform,service_location_invalidation,global_replan,minimum_makespan,3,3,0,0,1.0,1.0,,1.0,0.0,1.0,1.0,178.005554721512,0.7391796470312771,177.578789153319,178.859085857898,0.022809129225339966,0.00424728145312265,0.0203569601350555,0.0277134674059089,1005.9083999999999,0.4783918164015949,1005.3588,1006.2313,2.6666666666666665,2.309401076758503,0.0,4.0,3.3333333333333335,1.1547005383792515,2.0,4.0,1.0,0.0,1.0,1.0,18.0,3.4641016151377544,14.0,20.0,0.0,0.0,0.0,0.0,117.33333333333333,35.83759664560855,79.0,150.0,50.0,17.08800749063506,32.0,66.0,4.666666666666667,1.5275252316519465,3.0,6.0,,,
S-U,S,uniform,service_location_invalidation,greedy,minimum_makespan,3,3,0,0,1.0,1.0,,1.0,0.0,1.0,1.0,178.85396302389532,0.004436504385684698,178.851401606894,178.859085857898,0.027684031912205236,2.5491885320310667e-05,0.0276693141653534,0.0277134674059089,0.14493333333333333,0.006353214409520069,0.1387,0.1514,0.0,0.0,0.0,0.0,0.0,0.0,0.0,0.0,1.0,0.0,1.0,1.0,4.0,0.0,4.0,4.0,0.0,0.0,0.0,0.0,0.0,0.0,0.0,0.0,0.0,0.0,0.0,0.0,0.0,0.0,0.0,0.0,,,
S-U,S,uniform,service_location_invalidation,greedy_ls,minimum_makespan,3,3,0,0,1.0,1.0,,1.0,0.0,1.0,1.0,178.85396302389532,0.004436504385684698,178.851401606894,178.859085857898,0.027684031912205236,2.5491885320310667e-05,0.0276693141653534,0.0277134674059089,1.9500000000000002,0.12450108433262745,1.8258,2.0748,0.0,0.0,0.0,0.0,1.0,0.0,1.0,1.0,1.0,0.0,1.0,1.0,6.666666666666667,1.1547005383792515,6.0,8.0,0.0,0.0,0.0,0.0,0.0,0.0,0.0,0.0,0.0,0.0,0.0,0.0,0.0,0.0,0.0,0.0,,,
